Dataset,Uncompressed Accuracy
CIFAR-10,0.4855000078678131
MNIST,0.8327000141143799
